CrossingGuardJoe,C:\Users\Utilizador\Desktop\FEUP\MESW\project-crossing-guard-joe\src\main\java\com\CrossingGuardJoe\Game.java,C:\Users\Utilizador\Desktop\FEUP\MESW\project-crossing-guard-joe\src\test\java\com\CrossingGuardJoe\GameTest.java
CrossingGuardJoe,C:\Users\Utilizador\Desktop\FEUP\MESW\project-crossing-guard-joe\src\main\java\com\CrossingGuardJoe\controller\Controller.java,C:\Users\Utilizador\Desktop\FEUP\MESW\project-crossing-guard-joe\src\test\java\com\CrossingGuardJoe\controller\ControllerTest.java
CrossingGuardJoe,C:\Users\Utilizador\Desktop\FEUP\MESW\project-crossing-guard-joe\src\main\java\com\CrossingGuardJoe\controller\game\AuxCheckRange.java,C:\Users\Utilizador\Desktop\FEUP\MESW\project-crossing-guard-joe\src\test\java\com\CrossingGuardJoe\controller\game\AuxCheckRangeTest.java
CrossingGuardJoe,C:\Users\Utilizador\Desktop\FEUP\MESW\project-crossing-guard-joe\src\main\java\com\CrossingGuardJoe\controller\game\RoadController.java,C:\Users\Utilizador\Desktop\FEUP\MESW\project-crossing-guard-joe\src\test\java\com\CrossingGuardJoe\controller\game\RoadControllerTest.java
CrossingGuardJoe,C:\Users\Utilizador\Desktop\FEUP\MESW\project-crossing-guard-joe\src\main\java\com\CrossingGuardJoe\controller\game\elements\CarController.java,C:\Users\Utilizador\Desktop\FEUP\MESW\project-crossing-guard-joe\src\test\java\com\CrossingGuardJoe\controller\game\elements\CarControllerTest.java
CrossingGuardJoe,C:\Users\Utilizador\Desktop\FEUP\MESW\project-crossing-guard-joe\src\main\java\com\CrossingGuardJoe\controller\game\elements\JoeController.java,C:\Users\Utilizador\Desktop\FEUP\MESW\project-crossing-guard-joe\src\test\java\com\CrossingGuardJoe\controller\game\elements\JoeControllerTest.java
CrossingGuardJoe,C:\Users\Utilizador\Desktop\FEUP\MESW\project-crossing-guard-joe\src\main\java\com\CrossingGuardJoe\controller\menu\CustomizeMenuController.java,C:\Users\Utilizador\Desktop\FEUP\MESW\project-crossing-guard-joe\src\test\java\com\CrossingGuardJoe\controller\menu\CustomizeMenuControllerTest.java
CrossingGuardJoe,C:\Users\Utilizador\Desktop\FEUP\MESW\project-crossing-guard-joe\src\main\java\com\CrossingGuardJoe\controller\menu\GameOverMenuController.java,C:\Users\Utilizador\Desktop\FEUP\MESW\project-crossing-guard-joe\src\test\java\com\CrossingGuardJoe\controller\menu\GameOverMenuControllerTest.java
CrossingGuardJoe,C:\Users\Utilizador\Desktop\FEUP\MESW\project-crossing-guard-joe\src\main\java\com\CrossingGuardJoe\controller\menu\InstructionsMenuController.java,C:\Users\Utilizador\Desktop\FEUP\MESW\project-crossing-guard-joe\src\test\java\com\CrossingGuardJoe\controller\menu\InstructionsMenuControllerTest.java
CrossingGuardJoe,C:\Users\Utilizador\Desktop\FEUP\MESW\project-crossing-guard-joe\src\main\java\com\CrossingGuardJoe\controller\menu\MenuController.java,C:\Users\Utilizador\Desktop\FEUP\MESW\project-crossing-guard-joe\src\test\java\com\CrossingGuardJoe\controller\menu\MenuControllerTest.java
CrossingGuardJoe,C:\Users\Utilizador\Desktop\FEUP\MESW\project-crossing-guard-joe\src\main\java\com\CrossingGuardJoe\controller\menu\PauseMenuController.java,C:\Users\Utilizador\Desktop\FEUP\MESW\project-crossing-guard-joe\src\test\java\com\CrossingGuardJoe\controller\menu\PauseMenuControllerTest.java
CrossingGuardJoe,C:\Users\Utilizador\Desktop\FEUP\MESW\project-crossing-guard-joe\src\main\java\com\CrossingGuardJoe\controller\menu\StatsMenuController.java,C:\Users\Utilizador\Desktop\FEUP\MESW\project-crossing-guard-joe\src\test\java\com\CrossingGuardJoe\controller\menu\StatsMenuControllerTest.java
CrossingGuardJoe,C:\Users\Utilizador\Desktop\FEUP\MESW\project-crossing-guard-joe\src\main\java\com\CrossingGuardJoe\gui\LanternaGUI.java,C:\Users\Utilizador\Desktop\FEUP\MESW\project-crossing-guard-joe\src\test\java\com\CrossingGuardJoe\gui\LanternaGUITest.java
CrossingGuardJoe,C:\Users\Utilizador\Desktop\FEUP\MESW\project-crossing-guard-joe\src\main\java\com\CrossingGuardJoe\model\Position.java,C:\Users\Utilizador\Desktop\FEUP\MESW\project-crossing-guard-joe\src\test\java\com\CrossingGuardJoe\model\PositionTest.java
CrossingGuardJoe,C:\Users\Utilizador\Desktop\FEUP\MESW\project-crossing-guard-joe\src\main\java\com\CrossingGuardJoe\model\game\AuxCarCheck.java,C:\Users\Utilizador\Desktop\FEUP\MESW\project-crossing-guard-joe\src\test\java\com\CrossingGuardJoe\model\game\AuxCarCheckTest.java
CrossingGuardJoe,C:\Users\Utilizador\Desktop\FEUP\MESW\project-crossing-guard-joe\src\main\java\com\CrossingGuardJoe\model\game\Road.java,C:\Users\Utilizador\Desktop\FEUP\MESW\project-crossing-guard-joe\src\test\java\com\CrossingGuardJoe\model\game\RoadTest.java
CrossingGuardJoe,C:\Users\Utilizador\Desktop\FEUP\MESW\project-crossing-guard-joe\src\main\java\com\CrossingGuardJoe\model\game\RoadBuilder.java,C:\Users\Utilizador\Desktop\FEUP\MESW\project-crossing-guard-joe\src\test\java\com\CrossingGuardJoe\model\game\RoadBuilderTest.java
CrossingGuardJoe,C:\Users\Utilizador\Desktop\FEUP\MESW\project-crossing-guard-joe\src\main\java\com\CrossingGuardJoe\model\game\elements\Car.java,C:\Users\Utilizador\Desktop\FEUP\MESW\project-crossing-guard-joe\src\test\java\com\CrossingGuardJoe\model\game\elements\CarTest.java
CrossingGuardJoe,C:\Users\Utilizador\Desktop\FEUP\MESW\project-crossing-guard-joe\src\main\java\com\CrossingGuardJoe\model\game\elements\Element.java,C:\Users\Utilizador\Desktop\FEUP\MESW\project-crossing-guard-joe\src\test\java\com\CrossingGuardJoe\model\game\elements\ElementTest.java
CrossingGuardJoe,C:\Users\Utilizador\Desktop\FEUP\MESW\project-crossing-guard-joe\src\main\java\com\CrossingGuardJoe\model\game\elements\Joe.java,C:\Users\Utilizador\Desktop\FEUP\MESW\project-crossing-guard-joe\src\test\java\com\CrossingGuardJoe\model\game\elements\JoeTest.java
CrossingGuardJoe,C:\Users\Utilizador\Desktop\FEUP\MESW\project-crossing-guard-joe\src\main\java\com\CrossingGuardJoe\model\game\elements\Kid.java,C:\Users\Utilizador\Desktop\FEUP\MESW\project-crossing-guard-joe\src\test\java\com\CrossingGuardJoe\model\game\elements\KidTest.java
CrossingGuardJoe,C:\Users\Utilizador\Desktop\FEUP\MESW\project-crossing-guard-joe\src\main\java\com\CrossingGuardJoe\model\menu\ColorPaletteMenu.java,C:\Users\Utilizador\Desktop\FEUP\MESW\project-crossing-guard-joe\src\test\java\com\CrossingGuardJoe\model\menu\ColorPaletteMenuTest.java
CrossingGuardJoe,C:\Users\Utilizador\Desktop\FEUP\MESW\project-crossing-guard-joe\src\main\java\com\CrossingGuardJoe\model\menu\CustomizeMenu.java,C:\Users\Utilizador\Desktop\FEUP\MESW\project-crossing-guard-joe\src\test\java\com\CrossingGuardJoe\model\menu\CustomizeMenuTest.java
CrossingGuardJoe,C:\Users\Utilizador\Desktop\FEUP\MESW\project-crossing-guard-joe\src\main\java\com\CrossingGuardJoe\model\menu\GameOverMenu.java,C:\Users\Utilizador\Desktop\FEUP\MESW\project-crossing-guard-joe\src\test\java\com\CrossingGuardJoe\model\menu\GameOverMenuTest.java
CrossingGuardJoe,C:\Users\Utilizador\Desktop\FEUP\MESW\project-crossing-guard-joe\src\main\java\com\CrossingGuardJoe\model\menu\InstructionsMenu.java,C:\Users\Utilizador\Desktop\FEUP\MESW\project-crossing-guard-joe\src\test\java\com\CrossingGuardJoe\model\menu\InstructionsMenuTest.java
CrossingGuardJoe,C:\Users\Utilizador\Desktop\FEUP\MESW\project-crossing-guard-joe\src\main\java\com\CrossingGuardJoe\model\menu\Menu.java,C:\Users\Utilizador\Desktop\FEUP\MESW\project-crossing-guard-joe\src\test\java\com\CrossingGuardJoe\model\menu\MenuTest.java
CrossingGuardJoe,C:\Users\Utilizador\Desktop\FEUP\MESW\project-crossing-guard-joe\src\main\java\com\CrossingGuardJoe\model\menu\PauseMenu.java,C:\Users\Utilizador\Desktop\FEUP\MESW\project-crossing-guard-joe\src\test\java\com\CrossingGuardJoe\model\menu\PauseMenuTest.java
CrossingGuardJoe,C:\Users\Utilizador\Desktop\FEUP\MESW\project-crossing-guard-joe\src\main\java\com\CrossingGuardJoe\model\menu\StatsMenu.java,C:\Users\Utilizador\Desktop\FEUP\MESW\project-crossing-guard-joe\src\test\java\com\CrossingGuardJoe\model\menu\StatsMenuTest.java
CrossingGuardJoe,C:\Users\Utilizador\Desktop\FEUP\MESW\project-crossing-guard-joe\src\main\java\com\CrossingGuardJoe\states\GameState.java,C:\Users\Utilizador\Desktop\FEUP\MESW\project-crossing-guard-joe\src\test\java\com\CrossingGuardJoe\states\GameStateTest.java
CrossingGuardJoe,C:\Users\Utilizador\Desktop\FEUP\MESW\project-crossing-guard-joe\src\main\java\com\CrossingGuardJoe\states\State.java,C:\Users\Utilizador\Desktop\FEUP\MESW\project-crossing-guard-joe\src\test\java\com\CrossingGuardJoe\states\StateTest.java
CrossingGuardJoe,C:\Users\Utilizador\Desktop\FEUP\MESW\project-crossing-guard-joe\src\main\java\com\CrossingGuardJoe\states\menu\CustomizeMenuState.java,C:\Users\Utilizador\Desktop\FEUP\MESW\project-crossing-guard-joe\src\test\java\com\CrossingGuardJoe\states\menu\CustomizeMenuStateTest.java
CrossingGuardJoe,C:\Users\Utilizador\Desktop\FEUP\MESW\project-crossing-guard-joe\src\main\java\com\CrossingGuardJoe\states\menu\GameOverState.java,C:\Users\Utilizador\Desktop\FEUP\MESW\project-crossing-guard-joe\src\test\java\com\CrossingGuardJoe\states\menu\GameOverStateTest.java
CrossingGuardJoe,C:\Users\Utilizador\Desktop\FEUP\MESW\project-crossing-guard-joe\src\main\java\com\CrossingGuardJoe\states\menu\InstructionsMenuState.java,C:\Users\Utilizador\Desktop\FEUP\MESW\project-crossing-guard-joe\src\test\java\com\CrossingGuardJoe\states\menu\InstructionsMenuStateTest.java
CrossingGuardJoe,C:\Users\Utilizador\Desktop\FEUP\MESW\project-crossing-guard-joe\src\main\java\com\CrossingGuardJoe\states\menu\MenuState.java,C:\Users\Utilizador\Desktop\FEUP\MESW\project-crossing-guard-joe\src\test\java\com\CrossingGuardJoe\states\menu\MenuStateTest.java
CrossingGuardJoe,C:\Users\Utilizador\Desktop\FEUP\MESW\project-crossing-guard-joe\src\main\java\com\CrossingGuardJoe\states\menu\PauseMenuState.java,C:\Users\Utilizador\Desktop\FEUP\MESW\project-crossing-guard-joe\src\test\java\com\CrossingGuardJoe\states\menu\PauseMenuStateTest.java
CrossingGuardJoe,C:\Users\Utilizador\Desktop\FEUP\MESW\project-crossing-guard-joe\src\main\java\com\CrossingGuardJoe\states\menu\StatsMenuState.java,C:\Users\Utilizador\Desktop\FEUP\MESW\project-crossing-guard-joe\src\test\java\com\CrossingGuardJoe\states\menu\StatsMenuStateTest.java
CrossingGuardJoe,C:\Users\Utilizador\Desktop\FEUP\MESW\project-crossing-guard-joe\src\main\java\com\CrossingGuardJoe\viewer\Color.java,C:\Users\Utilizador\Desktop\FEUP\MESW\project-crossing-guard-joe\src\test\java\com\CrossingGuardJoe\viewer\ColorTest.java
CrossingGuardJoe,C:\Users\Utilizador\Desktop\FEUP\MESW\project-crossing-guard-joe\src\main\java\com\CrossingGuardJoe\viewer\ColorCustomize.java,C:\Users\Utilizador\Desktop\FEUP\MESW\project-crossing-guard-joe\src\test\java\com\CrossingGuardJoe\viewer\ColorCustomizeTest.java
CrossingGuardJoe,C:\Users\Utilizador\Desktop\FEUP\MESW\project-crossing-guard-joe\src\main\java\com\CrossingGuardJoe\viewer\Viewer.java,C:\Users\Utilizador\Desktop\FEUP\MESW\project-crossing-guard-joe\src\test\java\com\CrossingGuardJoe\viewer\ViewerTest.java
CrossingGuardJoe,C:\Users\Utilizador\Desktop\FEUP\MESW\project-crossing-guard-joe\src\main\java\com\CrossingGuardJoe\viewer\game\GameViewer.java,C:\Users\Utilizador\Desktop\FEUP\MESW\project-crossing-guard-joe\src\test\java\com\CrossingGuardJoe\viewer\game\GameViewerTest.java
CrossingGuardJoe,C:\Users\Utilizador\Desktop\FEUP\MESW\project-crossing-guard-joe\src\main\java\com\CrossingGuardJoe\viewer\game\elements\CarView.java,C:\Users\Utilizador\Desktop\FEUP\MESW\project-crossing-guard-joe\src\test\java\com\CrossingGuardJoe\viewer\game\elements\CarViewTest.java
CrossingGuardJoe,C:\Users\Utilizador\Desktop\FEUP\MESW\project-crossing-guard-joe\src\main\java\com\CrossingGuardJoe\viewer\game\elements\JoeView.java,C:\Users\Utilizador\Desktop\FEUP\MESW\project-crossing-guard-joe\src\test\java\com\CrossingGuardJoe\viewer\game\elements\JoeViewTest.java
CrossingGuardJoe,C:\Users\Utilizador\Desktop\FEUP\MESW\project-crossing-guard-joe\src\main\java\com\CrossingGuardJoe\viewer\game\elements\KidView.java,C:\Users\Utilizador\Desktop\FEUP\MESW\project-crossing-guard-joe\src\test\java\com\CrossingGuardJoe\viewer\game\elements\KidViewTest.java
CrossingGuardJoe,C:\Users\Utilizador\Desktop\FEUP\MESW\project-crossing-guard-joe\src\main\java\com\CrossingGuardJoe\viewer\images\defined\CarImage.java,C:\Users\Utilizador\Desktop\FEUP\MESW\project-crossing-guard-joe\src\test\java\com\CrossingGuardJoe\viewer\images\defined\CarImageTest.java
CrossingGuardJoe,C:\Users\Utilizador\Desktop\FEUP\MESW\project-crossing-guard-joe\src\main\java\com\CrossingGuardJoe\viewer\images\defined\HUDImages.java,C:\Users\Utilizador\Desktop\FEUP\MESW\project-crossing-guard-joe\src\test\java\com\CrossingGuardJoe\viewer\images\defined\HUDImagesTest.java
CrossingGuardJoe,C:\Users\Utilizador\Desktop\FEUP\MESW\project-crossing-guard-joe\src\main\java\com\CrossingGuardJoe\viewer\images\defined\JoeImages.java,C:\Users\Utilizador\Desktop\FEUP\MESW\project-crossing-guard-joe\src\test\java\com\CrossingGuardJoe\viewer\images\defined\JoeImagesTest.java
CrossingGuardJoe,C:\Users\Utilizador\Desktop\FEUP\MESW\project-crossing-guard-joe\src\main\java\com\CrossingGuardJoe\viewer\images\defined\KidImages.java,C:\Users\Utilizador\Desktop\FEUP\MESW\project-crossing-guard-joe\src\test\java\com\CrossingGuardJoe\viewer\images\defined\KidImagesTest.java
CrossingGuardJoe,C:\Users\Utilizador\Desktop\FEUP\MESW\project-crossing-guard-joe\src\main\java\com\CrossingGuardJoe\viewer\images\defined\LogoImages.java,C:\Users\Utilizador\Desktop\FEUP\MESW\project-crossing-guard-joe\src\test\java\com\CrossingGuardJoe\viewer\images\defined\LogoImagesTest.java
CrossingGuardJoe,C:\Users\Utilizador\Desktop\FEUP\MESW\project-crossing-guard-joe\src\main\java\com\CrossingGuardJoe\viewer\images\defined\RoadItemsImages.java,C:\Users\Utilizador\Desktop\FEUP\MESW\project-crossing-guard-joe\src\test\java\com\CrossingGuardJoe\viewer\images\defined\RoadItemsImagesTest.java
CrossingGuardJoe,C:\Users\Utilizador\Desktop\FEUP\MESW\project-crossing-guard-joe\src\main\java\com\CrossingGuardJoe\viewer\images\defined\ToolImages.java,C:\Users\Utilizador\Desktop\FEUP\MESW\project-crossing-guard-joe\src\test\java\com\CrossingGuardJoe\viewer\images\defined\ToolImagesTest.java
CrossingGuardJoe,C:\Users\Utilizador\Desktop\FEUP\MESW\project-crossing-guard-joe\src\main\java\com\CrossingGuardJoe\viewer\images\Font\FontImageFactory.java,C:\Users\Utilizador\Desktop\FEUP\MESW\project-crossing-guard-joe\src\test\java\com\CrossingGuardJoe\viewer\images\Font\FontImageFactoryTest.java
CrossingGuardJoe,C:\Users\Utilizador\Desktop\FEUP\MESW\project-crossing-guard-joe\src\main\java\com\CrossingGuardJoe\viewer\images\Font\FontImages.java,C:\Users\Utilizador\Desktop\FEUP\MESW\project-crossing-guard-joe\src\test\java\com\CrossingGuardJoe\viewer\images\Font\FontImagesTest.java
CrossingGuardJoe,C:\Users\Utilizador\Desktop\FEUP\MESW\project-crossing-guard-joe\src\main\java\com\CrossingGuardJoe\viewer\images\generator\Shape.java,C:\Users\Utilizador\Desktop\FEUP\MESW\project-crossing-guard-joe\src\test\java\com\CrossingGuardJoe\viewer\images\generator\ShapeTest.java
CrossingGuardJoe,C:\Users\Utilizador\Desktop\FEUP\MESW\project-crossing-guard-joe\src\main\java\com\CrossingGuardJoe\viewer\menu\CustomizeMenuViewer.java,C:\Users\Utilizador\Desktop\FEUP\MESW\project-crossing-guard-joe\src\test\java\com\CrossingGuardJoe\viewer\menu\CustomizeMenuViewerTest.java
CrossingGuardJoe,C:\Users\Utilizador\Desktop\FEUP\MESW\project-crossing-guard-joe\src\main\java\com\CrossingGuardJoe\viewer\menu\GameOverViewer.java,C:\Users\Utilizador\Desktop\FEUP\MESW\project-crossing-guard-joe\src\test\java\com\CrossingGuardJoe\viewer\menu\GameOverViewerTest.java
CrossingGuardJoe,C:\Users\Utilizador\Desktop\FEUP\MESW\project-crossing-guard-joe\src\main\java\com\CrossingGuardJoe\viewer\menu\InstructionsMenuViewer.java,C:\Users\Utilizador\Desktop\FEUP\MESW\project-crossing-guard-joe\src\test\java\com\CrossingGuardJoe\viewer\menu\InstructionsMenuViewerTest.java
CrossingGuardJoe,C:\Users\Utilizador\Desktop\FEUP\MESW\project-crossing-guard-joe\src\main\java\com\CrossingGuardJoe\viewer\menu\MenuViewer.java,C:\Users\Utilizador\Desktop\FEUP\MESW\project-crossing-guard-joe\src\test\java\com\CrossingGuardJoe\viewer\menu\MenuViewerTest.java
CrossingGuardJoe,C:\Users\Utilizador\Desktop\FEUP\MESW\project-crossing-guard-joe\src\main\java\com\CrossingGuardJoe\viewer\menu\PauseMenuViewer.java,C:\Users\Utilizador\Desktop\FEUP\MESW\project-crossing-guard-joe\src\test\java\com\CrossingGuardJoe\viewer\menu\PauseMenuViewerTest.java
CrossingGuardJoe,C:\Users\Utilizador\Desktop\FEUP\MESW\project-crossing-guard-joe\src\main\java\com\CrossingGuardJoe\viewer\menu\StatsMenuViewer.java,C:\Users\Utilizador\Desktop\FEUP\MESW\project-crossing-guard-joe\src\test\java\com\CrossingGuardJoe\viewer\menu\StatsMenuViewerTest.java
